RESPOND_ID,EXAMIN_BEGIN_DE,SEXDSTN_FLAG_CD,AGRDE_FLAG_NM,ANSWRR_OC_AREA_NM,HSHLD_INCOME_DGREE_NM,LSR_CT_EXPNDTR_TNDCY_VALUE,LSR_CT_EXPNDTR_INTEN_VALUE
1000001,20221116,F,20대,광주광역시,700만원 이상,감소한 편이다,감소할 것이다
53322357,20221116,F,60대,서울특별시,300이상500만원 미만,증가한 편이다,증가할 것이다
53322551,20221116,F,60대,서울특별시,300이상500만원 미만,증가한 편이다,증가할 것이다
53322597,20221116,M,60대,서울특별시,500이상700만원 미만,증가한 편이다,증가할 것이다
53322654,20221116,F,50대,서울특별시,700만원 이상,증가한 편이다,증가할 것이다
53322988,20221116,M,40대,서울특별시,500이상700만원 미만,증가한 편이다,비슷할 것이다
53323031,20221116,M,50대,서울특별시,700만원 이상,증가한 편이다,증가할 것이다
53323121,20221116,F,40대,서울특별시,500이상700만원 미만,감소한 편이다,감소할 것이다
53323260,20221116,M,40대,서울특별시,300이상500만원 미만,비슷하다,감소할 것이다
53323525,20221116,F,20대,서울특별시,무응답,크게 증가했다,비슷할 것이다
53323710,20221116,M,50대,서울특별시,700만원 이상,증가한 편이다,비슷할 것이다
53323938,20221116,M,60대,서울특별시,300이상500만원 미만,비슷하다,증가할 것이다
53323975,20221116,M,40대,서울특별시,300만원 미만,비슷하다,비슷할 것이다
53324266,20221116,F,20대,서울특별시,300이상500만원 미만,증가한 편이다,비슷할 것이다
53324428,20221116,F,20대,서울특별시,300만원 미만,증가한 편이다,비슷할 것이다
53324567,20221116,F,30대,경상북도,500이상700만원 미만,증가한 편이다,비슷할 것이다
53324593,20221116,M,50대,서울특별시,300이상500만원 미만,감소한 편이다,비슷할 것이다
53324624,20221116,F,30대,서울특별시,300이상500만원 미만,증가한 편이다,증가할 것이다
53324826,20221116,M,60대,서울특별시,300이상500만원 미만,비슷하다,증가할 것이다
53325115,20221116,M,20대,경기도,500이상700만원 미만,비슷하다,증가할 것이다
53325124,20221116,F,60대,서울특별시,700만원 이상,감소한 편이다,비슷할 것이다
53325527,20221116,F,40대,제주특별자치도,300만원 미만,증가한 편이다,증가할 것이다
53325548,20221116,M,50대,대구광역시,700만원 이상,증가한 편이다,비슷할 것이다
53325862,20221116,M,40대,경기도,300만원 미만,비슷하다,증가할 것이다
53325884,20221116,F,50대,경기도,300이상500만원 미만,증가한 편이다,증가할 것이다
53325969,20221116,F,50대,광주광역시,300이상500만원 미만,증가한 편이다,증가할 것이다
53325996,20221116,F,50대,경상남도,500이상700만원 미만,증가한 편이다,비슷할 것이다
53326116,20221116,M,50대,울산광역시,700만원 이상,증가한 편이다,비슷할 것이다
53326275,20221116,F,50대,서울특별시,300만원 미만,비슷하다,증가할 것이다
53326369,20221116,M,60대,경상북도,300만원 미만,비슷하다,감소할 것이다
53326406,20221116,M,30대,경기도,700만원 이상,증가한 편이다,증가할 것이다
53326463,20221116,M,20대,부산광역시,300만원 미만,비슷하다,비슷할 것이다
53326522,20221116,M,30대,경기도,300이상500만원 미만,비슷하다,비슷할 것이다
53326569,20221116,F,50대,서울특별시,500이상700만원 미만,증가한 편이다,증가할 것이다
53326639,20221116,M,40대,서울특별시,300이상500만원 미만,크게 증가했다,크게 증가할 것이다
53326656,20221116,M,60대,전라북도,500이상700만원 미만,증가한 편이다,증가할 것이다
53326661,20221116,M,50대,충청북도,700만원 이상,증가한 편이다,비슷할 것이다
53326721,20221116,F,30대,경기도,500이상700만원 미만,증가한 편이다,증가할 것이다
53326887,20221116,M,60대,부산광역시,700만원 이상,비슷하다,증가할 것이다
53326983,20221116,F,40대,경상남도,700만원 이상,증가한 편이다,비슷할 것이다
53327187,20221116,F,50대,충청남도,300만원 미만,비슷하다,비슷할 것이다
53327485,20221116,F,40대,인천광역시,300만원 미만,비슷하다,비슷할 것이다
53327532,20221116,M,50대,경상북도,300만원 미만,비슷하다,감소할 것이다
53327534,20221116,M,20대,광주광역시,무응답,증가한 편이다,증가할 것이다
53327564,20221116,F,20대,전라남도,300만원 미만,증가한 편이다,비슷할 것이다
53327572,20221116,M,50대,부산광역시,500이상700만원 미만,비슷하다,비슷할 것이다
53327728,20221116,F,30대,서울특별시,300이상500만원 미만,증가한 편이다,증가할 것이다
53327729,20221116,M,50대,부산광역시,300이상500만원 미만,증가한 편이다,증가할 것이다
53327773,20221116,M,40대,전라북도,무응답,비슷하다,비슷할 것이다
53327863,20221116,M,50대,충청북도,300만원 미만,비슷하다,감소할 것이다
53328020,20221116,M,30대,경기도,300이상500만원 미만,증가한 편이다,증가할 것이다
53328165,20221116,M,40대,대구광역시,300이상500만원 미만,증가한 편이다,증가할 것이다
53328259,20221116,F,30대,경기도,300이상500만원 미만,비슷하다,비슷할 것이다
53328352,20221116,F,20대,경상북도,300만원 미만,증가한 편이다,비슷할 것이다
53328354,20221116,F,40대,충청북도,300이상500만원 미만,증가한 편이다,증가할 것이다
53328533,20221116,F,50대,경기도,500이상700만원 미만,감소한 편이다,비슷할 것이다
53328657,20221116,F,20대,강원도,무응답,비슷하다,증가할 것이다
53328694,20221116,M,30대,전라남도,300이상500만원 미만,증가한 편이다,증가할 것이다
53328811,20221116,M,40대,경상북도,300만원 미만,증가한 편이다,비슷할 것이다
53328815,20221116,M,30대,인천광역시,300만원 미만,비슷하다,비슷할 것이다
53329222,20221116,M,20대,서울특별시,700만원 이상,증가한 편이다,증가할 것이다
53329593,20221116,F,40대,서울특별시,300만원 미만,비슷하다,비슷할 것이다
53329666,20221116,F,50대,대구광역시,무응답,비슷하다,감소할 것이다
53330017,20221116,M,30대,경상남도,300이상500만원 미만,증가한 편이다,증가할 것이다
53330055,20221116,M,20대,경상남도,300만원 미만,비슷하다,비슷할 것이다
53330077,20221116,M,50대,전라남도,300이상500만원 미만,감소한 편이다,감소할 것이다
53330225,20221116,M,50대,대구광역시,700만원 이상,증가한 편이다,증가할 것이다
53330334,20221116,M,50대,경기도,500이상700만원 미만,증가한 편이다,비슷할 것이다
53330373,20221116,M,30대,경기도,700만원 이상,비슷하다,비슷할 것이다
53330577,20221116,F,30대,경기도,500이상700만원 미만,감소한 편이다,증가할 것이다
53330711,20221116,M,20대,서울특별시,500이상700만원 미만,증가한 편이다,증가할 것이다
53330752,20221116,F,30대,대구광역시,700만원 이상,증가한 편이다,증가할 것이다
53330790,20221116,F,60대,충청북도,500이상700만원 미만,증가한 편이다,증가할 것이다
53330815,20221116,M,30대,대구광역시,500이상700만원 미만,증가한 편이다,증가할 것이다
53330827,20221116,F,20대,경기도,300이상500만원 미만,비슷하다,비슷할 것이다
53330886,20221116,F,30대,서울특별시,300이상500만원 미만,증가한 편이다,비슷할 것이다
53330940,20221116,F,60대,강원도,700만원 이상,비슷하다,증가할 것이다
53331029,20221116,F,30대,경상남도,300이상500만원 미만,증가한 편이다,크게 증가할 것이다
53331312,20221116,M,50대,경기도,500이상700만원 미만,비슷하다,비슷할 것이다
53331324,20221116,M,40대,인천광역시,300이상500만원 미만,감소한 편이다,감소할 것이다
53331400,20221116,F,60대,부산광역시,300만원 미만,증가한 편이다,증가할 것이다
53331491,20221116,M,50대,부산광역시,300이상500만원 미만,비슷하다,비슷할 것이다
53331824,20221116,F,50대,인천광역시,무응답,크게 증가했다,크게 증가할 것이다
53331831,20221116,F,50대,서울특별시,700만원 이상,비슷하다,비슷할 것이다
53331843,20221116,M,50대,인천광역시,300이상500만원 미만,증가한 편이다,증가할 것이다
53331896,20221116,F,60대,경기도,300이상500만원 미만,감소한 편이다,비슷할 것이다
53331901,20221116,F,30대,경기도,700만원 이상,증가한 편이다,감소할 것이다
53331961,20221116,F,60대,제주특별자치도,300이상500만원 미만,비슷하다,비슷할 것이다
53332016,20221116,M,60대,광주광역시,300만원 미만,비슷하다,비슷할 것이다
53332080,20221116,M,40대,경기도,300이상500만원 미만,비슷하다,비슷할 것이다
53332214,20221116,M,30대,충청북도,700만원 이상,비슷하다,비슷할 것이다
53332227,20221116,F,50대,광주광역시,300만원 미만,비슷하다,비슷할 것이다
53332243,20221116,F,50대,대구광역시,300만원 미만,비슷하다,비슷할 것이다
53332367,20221116,F,60대,부산광역시,300이상500만원 미만,비슷하다,비슷할 것이다
53332412,20221116,F,60대,경상남도,300이상500만원 미만,증가한 편이다,증가할 것이다
53332800,20221116,M,20대,인천광역시,무응답,비슷하다,비슷할 것이다
53332805,20221116,M,30대,광주광역시,300만원 미만,비슷하다,증가할 것이다
53332829,20221116,F,30대,대전광역시,300만원 미만,크게 증가했다,크게 증가할 것이다
53332915,20221116,M,20대,경기도,500이상700만원 미만,증가한 편이다,비슷할 것이다
53333010,20221116,M,40대,인천광역시,700만원 이상,비슷하다,비슷할 것이다
53333247,20221116,F,50대,울산광역시,300이상500만원 미만,비슷하다,감소할 것이다
53333429,20221116,M,40대,대전광역시,300이상500만원 미만,증가한 편이다,증가할 것이다
53333613,20221116,M,20대,서울특별시,300이상500만원 미만,감소한 편이다,감소할 것이다
53333818,20221116,M,20대,인천광역시,300만원 미만,증가한 편이다,증가할 것이다
53334084,20221116,F,40대,경상남도,무응답,비슷하다,비슷할 것이다
53334265,20221116,M,50대,서울특별시,300이상500만원 미만,증가한 편이다,비슷할 것이다
53334489,20221116,M,50대,경기도,300이상500만원 미만,비슷하다,비슷할 것이다
53334490,20221116,F,30대,경기도,500이상700만원 미만,비슷하다,증가할 것이다
53334541,20221116,M,40대,서울특별시,500이상700만원 미만,증가한 편이다,증가할 것이다
53334717,20221116,F,40대,광주광역시,700만원 이상,비슷하다,비슷할 것이다
53334856,20221116,F,40대,서울특별시,700만원 이상,증가한 편이다,증가할 것이다
53334957,20221116,F,40대,전라남도,300만원 미만,증가한 편이다,증가할 것이다
53334979,20221116,F,30대,경상남도,300이상500만원 미만,감소한 편이다,증가할 것이다
53335198,20221116,F,40대,인천광역시,300이상500만원 미만,증가한 편이다,증가할 것이다
53335371,20221116,M,30대,경기도,300만원 미만,비슷하다,비슷할 것이다
53335451,20221116,M,30대,세종특별자치시,300이상500만원 미만,증가한 편이다,비슷할 것이다
53335592,20221116,F,50대,서울특별시,700만원 이상,비슷하다,비슷할 것이다
53335716,20221116,M,20대,충청북도,300이상500만원 미만,비슷하다,비슷할 것이다
53335792,20221116,M,30대,대전광역시,무응답,비슷하다,비슷할 것이다
53335837,20221116,M,20대,서울특별시,300만원 미만,감소한 편이다,증가할 것이다
53335844,20221116,F,20대,경기도,500이상700만원 미만,감소한 편이다,비슷할 것이다
53335965,20221116,M,30대,경기도,300만원 미만,비슷하다,증가할 것이다
53335989,20221116,F,60대,울산광역시,300만원 미만,비슷하다,비슷할 것이다
53336121,20221116,M,60대,경기도,300이상500만원 미만,증가한 편이다,증가할 것이다
53336140,20221116,M,40대,제주특별자치도,500이상700만원 미만,증가한 편이다,증가할 것이다
53336161,20221116,F,40대,경기도,300이상500만원 미만,비슷하다,증가할 것이다
53336254,20221116,F,50대,부산광역시,300이상500만원 미만,비슷하다,비슷할 것이다
53336351,20221116,F,30대,충청남도,300이상500만원 미만,감소한 편이다,감소할 것이다
53336490,20221116,F,60대,강원도,300만원 미만,증가한 편이다,증가할 것이다
53336497,20221116,F,60대,경기도,300만원 미만,비슷하다,비슷할 것이다
53336514,20221116,F,60대,인천광역시,300만원 미만,비슷하다,증가할 것이다
53336768,20221116,M,40대,충청남도,300이상500만원 미만,증가한 편이다,비슷할 것이다
53336842,20221116,F,40대,강원도,700만원 이상,증가한 편이다,증가할 것이다
53336893,20221116,F,30대,경기도,300만원 미만,감소한 편이다,비슷할 것이다
53336907,20221116,M,60대,대구광역시,300만원 미만,비슷하다,감소할 것이다
53336992,20221116,M,20대,전라남도,무응답,비슷하다,증가할 것이다
53337094,20221116,F,30대,경상북도,무응답,비슷하다,비슷할 것이다
53337184,20221116,M,60대,경기도,300만원 미만,감소한 편이다,감소할 것이다
53337188,20221116,F,60대,대구광역시,300이상500만원 미만,비슷하다,증가할 것이다
53337250,20221116,M,50대,경기도,300이상500만원 미만,비슷하다,비슷할 것이다
53337308,20221116,F,50대,인천광역시,700만원 이상,감소한 편이다,비슷할 것이다
53337535,20221116,M,20대,충청북도,500이상700만원 미만,비슷하다,비슷할 것이다
53337587,20221116,M,30대,경기도,300만원 미만,비슷하다,비슷할 것이다
53337714,20221116,M,50대,부산광역시,300이상500만원 미만,비슷하다,비슷할 것이다
53337724,20221116,M,40대,경기도,300이상500만원 미만,증가한 편이다,증가할 것이다
53337779,20221116,M,20대,경기도,500이상700만원 미만,크게 감소했다,비슷할 것이다
53337818,20221116,F,20대,경기도,무응답,비슷하다,비슷할 것이다
53337824,20221116,M,40대,경기도,700만원 이상,비슷하다,비슷할 것이다
53338024,20221116,M,30대,대구광역시,300이상500만원 미만,증가한 편이다,비슷할 것이다
53338160,20221116,M,30대,인천광역시,500이상700만원 미만,증가한 편이다,증가할 것이다
53338164,20221116,F,20대,인천광역시,700만원 이상,증가한 편이다,증가할 것이다
53338186,20221116,F,30대,광주광역시,700만원 이상,비슷하다,비슷할 것이다
53338289,20221116,M,40대,경기도,300이상500만원 미만,비슷하다,비슷할 것이다
53338553,20221116,M,50대,광주광역시,300이상500만원 미만,증가한 편이다,증가할 것이다
53338585,20221116,F,40대,경기도,500이상700만원 미만,증가한 편이다,증가할 것이다
53338587,20221116,F,40대,경기도,300이상500만원 미만,비슷하다,비슷할 것이다
53338610,20221116,F,60대,경기도,700만원 이상,감소한 편이다,감소할 것이다
53338713,20221116,F,30대,경기도,300이상500만원 미만,비슷하다,비슷할 것이다
53338967,20221116,F,30대,대전광역시,500이상700만원 미만,증가한 편이다,비슷할 것이다
53339006,20221116,F,40대,경기도,700만원 이상,비슷하다,증가할 것이다
53339256,20221116,F,20대,부산광역시,300이상500만원 미만,비슷하다,비슷할 것이다
53339354,20221116,M,40대,대구광역시,700만원 이상,비슷하다,비슷할 것이다
53339503,20221116,F,50대,강원도,300이상500만원 미만,비슷하다,비슷할 것이다
53339996,20221116,M,60대,충청남도,300만원 미만,증가한 편이다,증가할 것이다
53340219,20221116,M,50대,경상남도,300만원 미만,비슷하다,비슷할 것이다
53340238,20221116,M,60대,대전광역시,300만원 미만,증가한 편이다,증가할 것이다
53340393,20221116,F,60대,전라남도,500이상700만원 미만,비슷하다,증가할 것이다
53340430,20221116,M,40대,인천광역시,300이상500만원 미만,증가한 편이다,증가할 것이다
53340543,20221116,F,40대,대전광역시,700만원 이상,크게 감소했다,감소할 것이다
53340549,20221116,M,40대,경상남도,300이상500만원 미만,비슷하다,비슷할 것이다
53340560,20221116,M,40대,인천광역시,300이상500만원 미만,비슷하다,비슷할 것이다
53340630,20221116,F,40대,충청북도,300만원 미만,비슷하다,비슷할 것이다
53340644,20221116,M,50대,부산광역시,500이상700만원 미만,비슷하다,비슷할 것이다
53340659,20221116,F,50대,경기도,300이상500만원 미만,비슷하다,감소할 것이다
53340682,20221116,F,50대,대구광역시,300만원 미만,증가한 편이다,증가할 것이다
53340752,20221116,F,50대,대구광역시,500이상700만원 미만,비슷하다,비슷할 것이다
53341194,20221116,M,60대,충청남도,300만원 미만,감소한 편이다,감소할 것이다
53341204,20221116,F,60대,대구광역시,300만원 미만,비슷하다,비슷할 것이다
53341520,20221116,M,30대,경기도,700만원 이상,증가한 편이다,비슷할 것이다
53341553,20221116,M,40대,경기도,700만원 이상,비슷하다,비슷할 것이다
53341858,20221116,F,20대,대구광역시,300만원 미만,크게 증가했다,증가할 것이다
53341876,20221116,M,20대,부산광역시,300만원 미만,증가한 편이다,비슷할 것이다
53341890,20221116,M,30대,부산광역시,300이상500만원 미만,비슷하다,비슷할 것이다
53341899,20221116,M,20대,서울특별시,300만원 미만,증가한 편이다,비슷할 것이다
53341926,20221116,F,30대,서울특별시,500이상700만원 미만,증가한 편이다,증가할 것이다
53342082,20221116,F,40대,충청남도,500이상700만원 미만,크게 증가했다,크게 증가할 것이다
53342228,20221116,F,20대,서울특별시,700만원 이상,증가한 편이다,증가할 것이다
53342230,20221116,F,20대,경기도,300이상500만원 미만,증가한 편이다,증가할 것이다
53342263,20221116,M,40대,경기도,300만원 미만,증가한 편이다,증가할 것이다
53342357,20221116,F,40대,울산광역시,300이상500만원 미만,증가한 편이다,증가할 것이다
53342557,20221116,F,20대,전라남도,무응답,증가한 편이다,크게 감소할 것이다
53342559,20221116,M,60대,전라북도,300이상500만원 미만,비슷하다,비슷할 것이다
53342658,20221116,F,60대,울산광역시,500이상700만원 미만,비슷하다,비슷할 것이다
53342812,20221116,M,40대,경상북도,500이상700만원 미만,증가한 편이다,증가할 것이다
53342820,20221116,M,60대,경기도,300이상500만원 미만,비슷하다,증가할 것이다
53342862,20221116,F,30대,전라남도,700만원 이상,증가한 편이다,비슷할 것이다
53342999,20221116,F,30대,서울특별시,300만원 미만,감소한 편이다,감소할 것이다
53343229,20221116,M,60대,광주광역시,300만원 미만,비슷하다,비슷할 것이다
53343259,20221116,M,30대,전라남도,300이상500만원 미만,비슷하다,비슷할 것이다
53343266,20221116,M,50대,서울특별시,700만원 이상,증가한 편이다,증가할 것이다
53343268,20221116,M,30대,서울특별시,300이상500만원 미만,증가한 편이다,비슷할 것이다
53343274,20221116,M,60대,대구광역시,300이상500만원 미만,증가한 편이다,증가할 것이다
53343330,20221116,F,40대,광주광역시,500이상700만원 미만,증가한 편이다,증가할 것이다
53343464,20221116,F,50대,대전광역시,300이상500만원 미만,비슷하다,비슷할 것이다
53343620,20221116,F,30대,대전광역시,500이상700만원 미만,비슷하다,비슷할 것이다
53343633,20221116,M,30대,서울특별시,300이상500만원 미만,증가한 편이다,증가할 것이다
53343743,20221116,M,20대,부산광역시,무응답,비슷하다,증가할 것이다
53343762,20221116,F,40대,인천광역시,300이상500만원 미만,비슷하다,비슷할 것이다
53343932,20221116,F,50대,경상북도,700만원 이상,증가한 편이다,증가할 것이다
53343936,20221116,F,30대,세종특별자치시,300이상500만원 미만,비슷하다,증가할 것이다
53343954,20221116,M,60대,대전광역시,300이상500만원 미만,비슷하다,비슷할 것이다
53344025,20221116,F,30대,대구광역시,700만원 이상,증가한 편이다,증가할 것이다
53344301,20221116,M,30대,전라북도,300만원 미만,증가한 편이다,비슷할 것이다
53344365,20221116,M,50대,경기도,500이상700만원 미만,감소한 편이다,증가할 것이다
53344914,20221116,F,30대,경기도,500이상700만원 미만,증가한 편이다,증가할 것이다
53344979,20221116,M,30대,경기도,300만원 미만,비슷하다,비슷할 것이다
53345034,20221116,M,50대,서울특별시,300만원 미만,비슷하다,비슷할 것이다
53345123,20221116,M,50대,경기도,700만원 이상,증가한 편이다,증가할 것이다
53345127,20221116,F,60대,경상북도,300만원 미만,비슷하다,비슷할 것이다
53345195,20221116,M,50대,전라북도,700만원 이상,증가한 편이다,비슷할 것이다
53345206,20221116,F,40대,서울특별시,300만원 미만,비슷하다,비슷할 것이다
53345564,20221116,F,50대,광주광역시,300이상500만원 미만,비슷하다,비슷할 것이다
53345781,20221116,F,40대,경상남도,무응답,비슷하다,비슷할 것이다
53345825,20221116,M,50대,서울특별시,700만원 이상,감소한 편이다,비슷할 것이다
53345899,20221116,M,20대,경기도,무응답,비슷하다,비슷할 것이다
53345937,20221116,M,20대,전라북도,300만원 미만,증가한 편이다,비슷할 것이다
53346074,20221116,F,20대,경기도,300만원 미만,비슷하다,감소할 것이다
53346084,20221116,M,30대,경기도,300이상500만원 미만,증가한 편이다,비슷할 것이다
53346105,20221116,F,60대,경기도,700만원 이상,비슷하다,비슷할 것이다
53346186,20221116,F,30대,울산광역시,500이상700만원 미만,증가한 편이다,증가할 것이다
53346368,20221116,F,50대,경기도,300이상500만원 미만,비슷하다,비슷할 것이다
53346415,20221116,F,40대,인천광역시,500이상700만원 미만,증가한 편이다,증가할 것이다
53346428,20221116,M,20대,인천광역시,300만원 미만,비슷하다,비슷할 것이다
53346569,20221116,M,20대,인천광역시,500이상700만원 미만,증가한 편이다,비슷할 것이다
53346581,20221116,M,40대,경상남도,300이상500만원 미만,증가한 편이다,증가할 것이다
53346599,20221116,M,50대,경기도,300이상500만원 미만,증가한 편이다,비슷할 것이다
53346949,20221116,F,50대,경상남도,500이상700만원 미만,비슷하다,감소할 것이다
53347104,20221116,M,30대,대구광역시,500이상700만원 미만,비슷하다,비슷할 것이다
53347377,20221116,F,50대,인천광역시,300이상500만원 미만,비슷하다,비슷할 것이다
53347577,20221116,M,30대,충청남도,300이상500만원 미만,증가한 편이다,증가할 것이다
53347603,20221116,M,50대,강원도,300만원 미만,증가한 편이다,비슷할 것이다
53347672,20221116,F,40대,경기도,300이상500만원 미만,감소한 편이다,감소할 것이다
53347752,20221116,F,40대,충청북도,700만원 이상,증가한 편이다,증가할 것이다
53347805,20221116,M,20대,충청남도,300이상500만원 미만,증가한 편이다,증가할 것이다
53347833,20221116,F,30대,부산광역시,500이상700만원 미만,비슷하다,증가할 것이다
53347861,20221116,F,60대,강원도,500이상700만원 미만,비슷하다,비슷할 것이다
53347968,20221116,M,50대,부산광역시,300만원 미만,비슷하다,감소할 것이다
53348031,20221116,F,60대,경상남도,300만원 미만,증가한 편이다,비슷할 것이다
53348127,20221116,M,20대,대전광역시,500이상700만원 미만,비슷하다,비슷할 것이다
53348215,20221116,F,40대,서울특별시,500이상700만원 미만,비슷하다,비슷할 것이다
53348225,20221116,M,20대,충청남도,300만원 미만,비슷하다,비슷할 것이다
53348230,20221116,F,20대,경상북도,무응답,비슷하다,비슷할 것이다
53348310,20221116,M,50대,충청남도,300이상500만원 미만,비슷하다,비슷할 것이다
53348356,20221116,F,50대,경기도,700만원 이상,비슷하다,비슷할 것이다
53348414,20221116,M,60대,경기도,300만원 미만,비슷하다,비슷할 것이다
53348471,20221116,M,20대,서울특별시,무응답,증가한 편이다,비슷할 것이다
53348483,20221116,M,40대,부산광역시,700만원 이상,감소한 편이다,크게 감소할 것이다
53348718,20221116,F,60대,충청북도,300만원 미만,비슷하다,비슷할 것이다
53348722,20221116,F,50대,충청남도,300만원 미만,비슷하다,증가할 것이다
53348724,20221116,F,30대,광주광역시,300이상500만원 미만,크게 증가했다,비슷할 것이다
53348758,20221116,F,50대,전라남도,700만원 이상,크게 증가했다,비슷할 것이다
53348884,20221116,M,40대,경상남도,300만원 미만,크게 증가했다,증가할 것이다
53348954,20221116,M,50대,경기도,300이상500만원 미만,증가한 편이다,감소할 것이다
53349023,20221116,F,60대,경기도,300만원 미만,비슷하다,비슷할 것이다
53349054,20221116,M,20대,경기도,300만원 미만,증가한 편이다,비슷할 것이다
53349073,20221116,F,30대,강원도,700만원 이상,증가한 편이다,증가할 것이다
53349084,20221116,M,60대,경기도,300만원 미만,증가한 편이다,증가할 것이다
53349085,20221116,M,60대,인천광역시,500이상700만원 미만,비슷하다,증가할 것이다
53349178,20221116,F,40대,전라남도,300만원 미만,크게 감소했다,크게 감소할 것이다
53349342,20221116,F,20대,부산광역시,700만원 이상,크게 증가했다,감소할 것이다
53349368,20221116,F,60대,충청북도,500이상700만원 미만,비슷하다,감소할 것이다
53349796,20221116,M,20대,전라북도,300만원 미만,크게 증가했다,증가할 것이다
53349872,20221116,M,40대,충청북도,300만원 미만,비슷하다,비슷할 것이다
53349883,20221116,F,20대,광주광역시,무응답,크게 감소했다,감소할 것이다
53350006,20221116,M,50대,충청북도,300이상500만원 미만,증가한 편이다,증가할 것이다
53350238,20221116,F,60대,부산광역시,700만원 이상,증가한 편이다,증가할 것이다
53350295,20221116,M,60대,경기도,300이상500만원 미만,비슷하다,증가할 것이다
53350337,20221116,M,60대,서울특별시,700만원 이상,비슷하다,비슷할 것이다
53350343,20221116,F,50대,경기도,700만원 이상,비슷하다,비슷할 것이다
53350355,20221116,M,20대,제주특별자치도,무응답,비슷하다,비슷할 것이다
53350396,20221116,M,50대,충청남도,700만원 이상,비슷하다,비슷할 것이다
53350540,20221116,F,30대,경기도,700만원 이상,감소한 편이다,크게 감소할 것이다
53350555,20221116,M,50대,경상북도,300이상500만원 미만,비슷하다,증가할 것이다
53350608,20221116,F,60대,경기도,300만원 미만,비슷하다,증가할 것이다
53350609,20221116,F,40대,강원도,300이상500만원 미만,비슷하다,비슷할 것이다
53350867,20221116,M,20대,경기도,500이상700만원 미만,증가한 편이다,증가할 것이다
53351032,20221116,M,60대,경상북도,500이상700만원 미만,증가한 편이다,증가할 것이다
53351111,20221116,F,50대,제주특별자치도,300이상500만원 미만,비슷하다,비슷할 것이다
53351207,20221116,F,50대,부산광역시,300만원 미만,증가한 편이다,증가할 것이다
53351240,20221116,F,50대,서울특별시,700만원 이상,증가한 편이다,비슷할 것이다
53351350,20221116,F,50대,경기도,300이상500만원 미만,증가한 편이다,증가할 것이다
53351428,20221116,M,50대,충청북도,300만원 미만,비슷하다,비슷할 것이다
53351456,20221116,F,50대,경상북도,300만원 미만,증가한 편이다,증가할 것이다
53351557,20221116,M,60대,충청북도,300만원 미만,비슷하다,감소할 것이다
53351646,20221116,M,60대,전라남도,300만원 미만,비슷하다,비슷할 것이다
53351900,20221116,M,60대,충청남도,700만원 이상,비슷하다,비슷할 것이다
53351996,20221116,F,40대,경기도,500이상700만원 미만,증가한 편이다,크게 증가할 것이다
53352116,20221116,M,60대,경상북도,300이상500만원 미만,비슷하다,감소할 것이다
53352405,20221116,M,40대,경상북도,300이상500만원 미만,감소한 편이다,감소할 것이다
53352551,20221116,M,50대,서울특별시,300만원 미만,감소한 편이다,감소할 것이다
53352566,20221116,F,60대,경기도,300만원 미만,증가한 편이다,증가할 것이다
53352850,20221116,F,60대,부산광역시,300이상500만원 미만,증가한 편이다,크게 증가할 것이다
53353015,20221116,M,50대,인천광역시,500이상700만원 미만,비슷하다,감소할 것이다
53353115,20221116,M,40대,인천광역시,300이상500만원 미만,비슷하다,비슷할 것이다
53353149,20221116,M,40대,경기도,300이상500만원 미만,비슷하다,증가할 것이다
53353203,20221116,F,30대,충청북도,700만원 이상,감소한 편이다,비슷할 것이다
53353207,20221116,F,20대,경상남도,300만원 미만,비슷하다,크게 증가할 것이다
53353248,20221116,F,40대,경상남도,300이상500만원 미만,증가한 편이다,비슷할 것이다
53353266,20221116,M,50대,경기도,700만원 이상,비슷하다,증가할 것이다
53353335,20221116,F,50대,경상남도,300이상500만원 미만,비슷하다,비슷할 것이다
53353374,20221116,M,40대,경상남도,300이상500만원 미만,크게 증가했다,증가할 것이다
53353376,20221116,F,20대,경상북도,300만원 미만,증가한 편이다,증가할 것이다
53353618,20221116,M,50대,부산광역시,700만원 이상,증가한 편이다,감소할 것이다
53353655,20221116,M,40대,경상남도,300이상500만원 미만,증가한 편이다,증가할 것이다
53353925,20221116,F,40대,경기도,300이상500만원 미만,증가한 편이다,비슷할 것이다
53353930,20221116,M,40대,부산광역시,300이상500만원 미만,감소한 편이다,크게 감소할 것이다
53353941,20221116,F,50대,대전광역시,300만원 미만,비슷하다,증가할 것이다
53353953,20221116,F,50대,경기도,300만원 미만,증가한 편이다,증가할 것이다
53354070,20221116,F,40대,전라남도,300이상500만원 미만,증가한 편이다,증가할 것이다
53354320,20221116,F,60대,경상남도,300이상500만원 미만,비슷하다,비슷할 것이다
53354607,20221116,M,40대,서울특별시,300이상500만원 미만,비슷하다,비슷할 것이다
53354755,20221116,M,50대,서울특별시,300이상500만원 미만,증가한 편이다,증가할 것이다
53354769,20221116,F,50대,대구광역시,300이상500만원 미만,증가한 편이다,증가할 것이다
53354840,20221116,F,60대,인천광역시,300만원 미만,비슷하다,비슷할 것이다
53354852,20221116,F,50대,전라북도,700만원 이상,비슷하다,비슷할 것이다
53354904,20221116,F,60대,경기도,300만원 미만,증가한 편이다,비슷할 것이다
53354975,20221116,F,60대,대구광역시,300만원 미만,증가한 편이다,증가할 것이다
53355024,20221116,F,20대,서울특별시,300만원 미만,증가한 편이다,비슷할 것이다
53355151,20221116,M,40대,경기도,500이상700만원 미만,비슷하다,비슷할 것이다
53355336,20221116,M,30대,경기도,500이상700만원 미만,비슷하다,비슷할 것이다
53355604,20221116,F,40대,서울특별시,무응답,비슷하다,비슷할 것이다
53355711,20221116,F,30대,경기도,300이상500만원 미만,비슷하다,비슷할 것이다
53355830,20221116,F,20대,경상북도,300이상500만원 미만,비슷하다,비슷할 것이다
53355965,20221116,M,40대,서울특별시,300만원 미만,비슷하다,비슷할 것이다
53355973,20221116,M,30대,부산광역시,300만원 미만,감소한 편이다,비슷할 것이다
53356023,20221116,F,60대,경기도,300이상500만원 미만,비슷하다,비슷할 것이다
53356034,20221116,M,20대,충청북도,300이상500만원 미만,증가한 편이다,크게 증가할 것이다
53356067,20221116,M,30대,서울특별시,300만원 미만,비슷하다,비슷할 것이다
53356171,20221116,M,60대,울산광역시,무응답,비슷하다,비슷할 것이다
53356246,20221116,F,40대,경기도,700만원 이상,크게 증가했다,비슷할 것이다
53356368,20221116,M,60대,인천광역시,500이상700만원 미만,비슷하다,비슷할 것이다
53356371,20221116,F,20대,경기도,300만원 미만,비슷하다,증가할 것이다
53356377,20221116,M,30대,서울특별시,500이상700만원 미만,비슷하다,비슷할 것이다
53356681,20221116,M,20대,경기도,300이상500만원 미만,증가한 편이다,비슷할 것이다
53356821,20221116,F,20대,충청남도,300만원 미만,비슷하다,증가할 것이다
53356903,20221116,F,50대,경기도,300만원 미만,비슷하다,비슷할 것이다
53356912,20221116,M,60대,인천광역시,700만원 이상,비슷하다,비슷할 것이다
53356949,20221116,M,40대,부산광역시,700만원 이상,비슷하다,비슷할 것이다
53356951,20221116,M,30대,경기도,300이상500만원 미만,증가한 편이다,증가할 것이다
53356974,20221116,F,40대,경기도,300만원 미만,증가한 편이다,증가할 것이다
53357050,20221116,F,50대,경기도,500이상700만원 미만,비슷하다,비슷할 것이다
53357087,20221116,F,20대,경기도,300만원 미만,크게 증가했다,비슷할 것이다
53357445,20221116,M,20대,전라북도,무응답,증가한 편이다,감소할 것이다
53357474,20221116,F,30대,전라북도,300만원 미만,증가한 편이다,증가할 것이다
53357673,20221116,F,60대,인천광역시,300만원 미만,비슷하다,비슷할 것이다
53357713,20221116,M,40대,경기도,300만원 미만,크게 증가했다,비슷할 것이다
53357722,20221116,F,50대,대구광역시,300이상500만원 미만,증가한 편이다,증가할 것이다
53357750,20221116,F,40대,부산광역시,300만원 미만,비슷하다,비슷할 것이다
53357826,20221116,M,40대,경기도,700만원 이상,비슷하다,비슷할 것이다
53357869,20221116,F,40대,경기도,700만원 이상,비슷하다,비슷할 것이다
53357920,20221116,F,60대,전라남도,300만원 미만,증가한 편이다,증가할 것이다
53358083,20221116,M,60대,대구광역시,700만원 이상,증가한 편이다,증가할 것이다
53358113,20221116,F,20대,인천광역시,300만원 미만,증가한 편이다,증가할 것이다
53358290,20221116,M,40대,전라남도,300이상500만원 미만,비슷하다,비슷할 것이다
53358303,20221116,F,30대,부산광역시,300이상500만원 미만,증가한 편이다,증가할 것이다
53358323,20221116,F,40대,경기도,500이상700만원 미만,비슷하다,비슷할 것이다
53358412,20221116,F,20대,인천광역시,무응답,비슷하다,비슷할 것이다
53358518,20221116,F,40대,서울특별시,700만원 이상,증가한 편이다,증가할 것이다
53358671,20221116,F,40대,경기도,무응답,증가한 편이다,크게 증가할 것이다
53359152,20221116,F,30대,인천광역시,500이상700만원 미만,비슷하다,비슷할 것이다
53359241,20221116,F,40대,강원도,500이상700만원 미만,비슷하다,증가할 것이다
53359244,20221116,F,30대,강원도,500이상700만원 미만,증가한 편이다,비슷할 것이다
53359290,20221116,F,60대,경기도,300이상500만원 미만,증가한 편이다,비슷할 것이다
53359456,20221116,F,20대,광주광역시,700만원 이상,증가한 편이다,증가할 것이다
53359554,20221116,M,50대,경상북도,300만원 미만,증가한 편이다,증가할 것이다
53359698,20221116,F,20대,대구광역시,700만원 이상,증가한 편이다,증가할 것이다
53359723,20221116,M,40대,부산광역시,300이상500만원 미만,증가한 편이다,비슷할 것이다
53359730,20221116,F,20대,충청남도,300만원 미만,증가한 편이다,증가할 것이다
53359749,20221116,M,50대,대전광역시,300이상500만원 미만,증가한 편이다,증가할 것이다
53359900,20221116,F,30대,경상남도,300이상500만원 미만,크게 증가했다,증가할 것이다
53359983,20221116,F,20대,충청남도,500이상700만원 미만,증가한 편이다,증가할 것이다
53360086,20221116,M,40대,경기도,300이상500만원 미만,증가한 편이다,증가할 것이다
53360202,20221116,M,20대,대전광역시,300이상500만원 미만,비슷하다,증가할 것이다
53360358,20221116,M,20대,부산광역시,300만원 미만,증가한 편이다,비슷할 것이다
53360420,20221116,F,20대,대구광역시,무응답,증가한 편이다,증가할 것이다
53360613,20221116,F,50대,충청남도,300만원 미만,비슷하다,비슷할 것이다
53360665,20221116,F,30대,서울특별시,300이상500만원 미만,크게 감소했다,크게 감소할 것이다
53360942,20221116,F,40대,경기도,300이상500만원 미만,비슷하다,비슷할 것이다
53361100,20221116,F,40대,대전광역시,300만원 미만,비슷하다,감소할 것이다
53361136,20221116,F,20대,서울특별시,무응답,비슷하다,비슷할 것이다
53361212,20221116,F,30대,충청남도,300이상500만원 미만,비슷하다,비슷할 것이다
53361255,20221116,M,50대,서울특별시,500이상700만원 미만,비슷하다,비슷할 것이다
53361422,20221116,M,30대,충청남도,300이상500만원 미만,비슷하다,비슷할 것이다
53361568,20221116,M,40대,대구광역시,300만원 미만,증가한 편이다,증가할 것이다
53361578,20221116,F,20대,충청북도,300만원 미만,감소한 편이다,비슷할 것이다
53361781,20221116,M,20대,경기도,700만원 이상,비슷하다,비슷할 것이다
53362071,20221116,M,50대,인천광역시,700만원 이상,비슷하다,증가할 것이다
53362074,20221116,F,40대,전라북도,300만원 미만,비슷하다,크게 증가할 것이다
53362101,20221116,M,60대,경상북도,300만원 미만,증가한 편이다,비슷할 것이다
53362338,20221116,M,20대,인천광역시,500이상700만원 미만,증가한 편이다,비슷할 것이다
53362529,20221116,M,30대,경상남도,300만원 미만,증가한 편이다,증가할 것이다
53362729,20221116,F,40대,서울특별시,300이상500만원 미만,증가한 편이다,감소할 것이다
53363028,20221116,M,60대,서울특별시,300만원 미만,비슷하다,비슷할 것이다
53363161,20221116,M,30대,인천광역시,500이상700만원 미만,비슷하다,비슷할 것이다
53363221,20221116,F,40대,광주광역시,300이상500만원 미만,비슷하다,비슷할 것이다
53363264,20221116,M,50대,충청남도,300이상500만원 미만,비슷하다,비슷할 것이다
53363275,20221116,F,40대,서울특별시,500이상700만원 미만,비슷하다,비슷할 것이다
53363335,20221116,F,20대,경상남도,300이상500만원 미만,증가한 편이다,증가할 것이다
53363337,20221116,F,50대,경기도,700만원 이상,증가한 편이다,증가할 것이다
53363353,20221116,M,20대,경기도,300만원 미만,비슷하다,비슷할 것이다
53363651,20221116,F,60대,경기도,300이상500만원 미만,감소한 편이다,비슷할 것이다
53363760,20221116,M,40대,서울특별시,500이상700만원 미만,비슷하다,비슷할 것이다
53363871,20221116,M,60대,경상남도,700만원 이상,크게 감소했다,크게 감소할 것이다
53364067,20221116,F,60대,경기도,300이상500만원 미만,감소한 편이다,증가할 것이다
53364221,20221116,M,60대,서울특별시,무응답,비슷하다,증가할 것이다
53364288,20221116,M,60대,서울특별시,300이상500만원 미만,비슷하다,비슷할 것이다
53364407,20221116,F,60대,경상남도,700만원 이상,비슷하다,비슷할 것이다
53364408,20221116,M,50대,광주광역시,300이상500만원 미만,증가한 편이다,증가할 것이다
53364420,20221116,F,30대,경상북도,300만원 미만,증가한 편이다,증가할 것이다
53364542,20221116,F,50대,경기도,300이상500만원 미만,감소한 편이다,감소할 것이다
53364623,20221116,M,30대,서울특별시,700만원 이상,비슷하다,비슷할 것이다
53364688,20221116,M,50대,대구광역시,300만원 미만,증가한 편이다,증가할 것이다
53364866,20221116,F,50대,부산광역시,300만원 미만,비슷하다,비슷할 것이다
53365332,20221116,F,50대,경기도,500이상700만원 미만,증가한 편이다,비슷할 것이다
53365377,20221116,F,20대,부산광역시,무응답,크게 감소했다,크게 감소할 것이다
53365590,20221116,M,50대,서울특별시,500이상700만원 미만,증가한 편이다,증가할 것이다
53365661,20221116,F,60대,강원도,300만원 미만,증가한 편이다,비슷할 것이다
53365668,20221116,M,30대,경상남도,300만원 미만,증가한 편이다,증가할 것이다
53365775,20221116,M,20대,경기도,무응답,비슷하다,비슷할 것이다
53365841,20221116,M,40대,경기도,500이상700만원 미만,증가한 편이다,증가할 것이다
53365917,20221116,M,40대,충청북도,300이상500만원 미만,비슷하다,비슷할 것이다
53366038,20221116,F,30대,서울특별시,300만원 미만,증가한 편이다,비슷할 것이다
53366137,20221116,M,40대,대구광역시,300만원 미만,비슷하다,비슷할 것이다
53366228,20221116,F,50대,경기도,300만원 미만,비슷하다,비슷할 것이다
53366253,20221116,M,40대,경기도,300이상500만원 미만,증가한 편이다,증가할 것이다
53366275,20221116,M,50대,인천광역시,300이상500만원 미만,비슷하다,비슷할 것이다
53366407,20221116,M,30대,경상남도,300이상500만원 미만,증가한 편이다,증가할 것이다
53366426,20221116,M,20대,서울특별시,300만원 미만,비슷하다,비슷할 것이다
53366445,20221116,F,20대,인천광역시,300만원 미만,비슷하다,비슷할 것이다
53366473,20221116,M,20대,충청북도,500이상700만원 미만,비슷하다,비슷할 것이다
53366499,20221116,M,20대,부산광역시,300만원 미만,비슷하다,비슷할 것이다
53366638,20221116,M,60대,경상북도,300이상500만원 미만,비슷하다,증가할 것이다
53366794,20221116,F,20대,경기도,500이상700만원 미만,감소한 편이다,증가할 것이다
53366840,20221116,F,20대,강원도,무응답,감소한 편이다,증가할 것이다
53367149,20221116,F,30대,전라북도,500이상700만원 미만,비슷하다,비슷할 것이다
53367407,20221116,F,30대,대구광역시,300만원 미만,비슷하다,증가할 것이다
53367409,20221116,M,40대,경기도,300만원 미만,크게 증가했다,감소할 것이다
53367444,20221116,F,60대,경상북도,300만원 미만,비슷하다,비슷할 것이다
53367608,20221116,M,50대,경기도,300이상500만원 미만,증가한 편이다,증가할 것이다
53367652,20221116,M,20대,인천광역시,500이상700만원 미만,크게 감소했다,크게 감소할 것이다
53367704,20221116,M,60대,전라북도,300만원 미만,비슷하다,비슷할 것이다
53367747,20221116,M,40대,제주특별자치도,300이상500만원 미만,비슷하다,비슷할 것이다
53367905,20221116,M,60대,충청남도,300만원 미만,비슷하다,증가할 것이다
53367910,20221116,M,50대,서울특별시,700만원 이상,증가한 편이다,증가할 것이다
53367940,20221116,M,40대,서울특별시,300이상500만원 미만,비슷하다,비슷할 것이다
53368123,20221116,M,30대,경기도,300이상500만원 미만,비슷하다,비슷할 것이다
53368138,20221116,M,60대,강원도,무응답,증가한 편이다,증가할 것이다
53368655,20221116,F,50대,경기도,300만원 미만,증가한 편이다,증가할 것이다
53368743,20221116,M,40대,제주특별자치도,300이상500만원 미만,증가한 편이다,증가할 것이다
53368800,20221116,M,30대,경상북도,300만원 미만,비슷하다,비슷할 것이다
53368838,20221116,F,40대,충청남도,300만원 미만,증가한 편이다,증가할 것이다
53369321,20221116,F,60대,서울특별시,300만원 미만,비슷하다,증가할 것이다
53369480,20221116,F,50대,서울특별시,300만원 미만,비슷하다,비슷할 것이다
53369482,20221116,F,60대,울산광역시,700만원 이상,비슷하다,비슷할 것이다
53369519,20221116,M,60대,경기도,300이상500만원 미만,감소한 편이다,감소할 것이다
53369617,20221116,M,30대,경기도,300이상500만원 미만,비슷하다,증가할 것이다
53369746,20221116,M,30대,경기도,300이상500만원 미만,증가한 편이다,증가할 것이다
53369754,20221116,F,30대,경기도,300이상500만원 미만,증가한 편이다,증가할 것이다
53369947,20221116,M,20대,충청북도,무응답,증가한 편이다,증가할 것이다
53370263,20221116,F,40대,서울특별시,300이상500만원 미만,비슷하다,증가할 것이다
53370419,20221116,M,60대,경상남도,700만원 이상,비슷하다,비슷할 것이다
53370720,20221116,F,60대,경기도,300이상500만원 미만,비슷하다,비슷할 것이다
53370911,20221116,F,40대,광주광역시,500이상700만원 미만,비슷하다,비슷할 것이다
53370938,20221116,M,30대,인천광역시,300이상500만원 미만,비슷하다,비슷할 것이다
53371177,20221116,M,40대,경기도,500이상700만원 미만,증가한 편이다,크게 증가할 것이다
53371185,20221116,M,60대,경상북도,300이상500만원 미만,비슷하다,비슷할 것이다
53371273,20221116,F,50대,부산광역시,300이상500만원 미만,비슷하다,비슷할 것이다
53371359,20221116,F,60대,전라북도,700만원 이상,비슷하다,증가할 것이다
53371460,20221116,M,20대,서울특별시,300만원 미만,증가한 편이다,증가할 것이다
53371565,20221116,F,40대,경기도,500이상700만원 미만,증가한 편이다,증가할 것이다
53371582,20221116,F,60대,전라북도,700만원 이상,증가한 편이다,비슷할 것이다
53371766,20221116,F,30대,경기도,500이상700만원 미만,감소한 편이다,감소할 것이다
53372052,20221116,M,60대,부산광역시,300이상500만원 미만,증가한 편이다,증가할 것이다
53372255,20221116,M,30대,서울특별시,300이상500만원 미만,비슷하다,증가할 것이다
53372271,20221116,M,50대,대전광역시,300이상500만원 미만,비슷하다,비슷할 것이다
53372331,20221116,F,50대,광주광역시,300이상500만원 미만,증가한 편이다,증가할 것이다
53372336,20221116,F,50대,부산광역시,500이상700만원 미만,증가한 편이다,증가할 것이다
53372594,20221116,M,40대,인천광역시,500이상700만원 미만,비슷하다,감소할 것이다
53372731,20221116,M,60대,서울특별시,300만원 미만,비슷하다,증가할 것이다
53372844,20221116,F,40대,전라북도,700만원 이상,비슷하다,비슷할 것이다
53372959,20221116,F,20대,광주광역시,300만원 미만,비슷하다,증가할 것이다
53373085,20221116,F,30대,경기도,700만원 이상,증가한 편이다,비슷할 것이다
53373176,20221116,M,30대,서울특별시,300만원 미만,증가한 편이다,증가할 것이다
53373749,20221116,M,40대,경상남도,300만원 미만,비슷하다,비슷할 것이다
53373777,20221116,M,50대,경기도,500이상700만원 미만,비슷하다,증가할 것이다
53373863,20221116,M,60대,대전광역시,300만원 미만,비슷하다,비슷할 것이다
53374001,20221116,F,60대,서울특별시,300이상500만원 미만,감소한 편이다,감소할 것이다
53374054,20221116,F,60대,강원도,300만원 미만,비슷하다,비슷할 것이다
53374074,20221116,F,50대,경기도,300만원 미만,크게 감소했다,크게 감소할 것이다
53374134,20221116,M,30대,울산광역시,300만원 미만,증가한 편이다,증가할 것이다
53374170,20221116,F,20대,인천광역시,300이상500만원 미만,비슷하다,증가할 것이다
53374334,20221116,M,20대,경기도,300이상500만원 미만,증가한 편이다,증가할 것이다
53374395,20221116,M,50대,서울특별시,700만원 이상,증가한 편이다,증가할 것이다
53374464,20221116,M,50대,울산광역시,300이상500만원 미만,비슷하다,비슷할 것이다
53374469,20221116,M,50대,대전광역시,700만원 이상,비슷하다,증가할 것이다
53374505,20221116,M,60대,경상북도,300만원 미만,비슷하다,증가할 것이다
53374733,20221116,M,30대,부산광역시,300이상500만원 미만,비슷하다,비슷할 것이다
53374743,20221116,F,50대,경기도,300만원 미만,비슷하다,비슷할 것이다
53375021,20221116,F,20대,충청남도,300만원 미만,비슷하다,비슷할 것이다
53375128,20221116,F,40대,서울특별시,500이상700만원 미만,증가한 편이다,감소할 것이다
53375142,20221116,M,60대,경기도,500이상700만원 미만,비슷하다,감소할 것이다
53375182,20221116,M,20대,전라북도,300이상500만원 미만,증가한 편이다,비슷할 것이다
53375535,20221116,F,40대,서울특별시,300이상500만원 미만,증가한 편이다,증가할 것이다
53375657,20221116,F,60대,경상남도,700만원 이상,증가한 편이다,증가할 것이다
53375837,20221116,M,20대,서울특별시,300만원 미만,비슷하다,비슷할 것이다
53376020,20221116,M,20대,전라북도,500이상700만원 미만,증가한 편이다,증가할 것이다
53376164,20221116,F,40대,경상북도,500이상700만원 미만,증가한 편이다,증가할 것이다
53376236,20221116,F,20대,대구광역시,무응답,비슷하다,비슷할 것이다
53376458,20221116,F,50대,경기도,300이상500만원 미만,증가한 편이다,비슷할 것이다
53376479,20221116,M,50대,경상남도,700만원 이상,비슷하다,비슷할 것이다
53376615,20221116,F,50대,부산광역시,300만원 미만,비슷하다,비슷할 것이다
53376775,20221116,M,50대,전라남도,300이상500만원 미만,증가한 편이다,증가할 것이다
53376885,20221116,M,60대,경상북도,700만원 이상,증가한 편이다,증가할 것이다
53377016,20221116,M,30대,경상남도,무응답,증가한 편이다,증가할 것이다
53377176,20221116,F,50대,서울특별시,300만원 미만,감소한 편이다,비슷할 것이다
53377182,20221116,M,40대,대전광역시,300이상500만원 미만,증가한 편이다,증가할 것이다
53377200,20221116,F,30대,울산광역시,무응답,증가한 편이다,증가할 것이다
53377343,20221116,M,30대,경상남도,300만원 미만,비슷하다,증가할 것이다
